-3.0743185326428653,5.601000666563556
10000.0,10000.0
-3.2371357109326246,5.99021411144162
10000.0,10000.0
-3.426701097902322,6.345097548707877
-3.226612209334882,6.062230196256877
-5.407469210922954,10.81338389908233
-5.319787173809293,9.86507391641483
-1.6956215863972486,3.0172986608919516
-2.639206609184105,4.84758480813501
10000.0,10000.0
-15.184108108094177,29.024323379498483
10000.0,10000.0
-3.034935346661558,5.440075876793924
-3.6640992934252203,6.858785696522018
-2.705008347204215,4.864830456958793
10000.0,10000.0
-7.850832618208664,15.440613208553867
-2.66923483564938,4.83817077633903
-2.084669175285894,3.788385687856156
10000.0,10000.0
-2.824957743595547,5.10529340228664
10000.0,10000.0
-4.8055681912533075,9.497586401693548
-4.114840848439377,7.775400414068385
10000.0,10000.0
10000.0,10000.0
10000.0,10000.0
-3.395808455828227,6.135871948617472
10000.0,10000.0
-2.2474509505084495,4.12356727918014
-13.962494906447427,27.06111521216528
10000.0,10000.0
-3.1643361136231705,6.152572226948674
10000.0,10000.0
-1.881998785185816,2.5230526728254006
-3.3048575155715056,6.082681440409423
10000.0,10000.0
-2.1004124421041257,3.724087498616003
-3.8337971659267374,7.251463888440197
-2.7468281976661832,5.11892958119552
10000.0,10000.0
-4.8691899874646225,9.546226692487538
-2.6690373658409032,4.773908597530057
-4.960727727825886,9.07706204585077
-2.030329026216218,3.69735838490752
-7.550194893393051,14.950614215115907
-2.5459652829757347,4.749291389921648
-2.585394172694527,4.885890126658215
-2.6539719109902347,4.704555428610337
-2.159081485259818,3.9224035960982224
-4.166401635108141,8.098882909677926
10000.0,10000.0
-4.758942586506115,9.281709535691375
10000.0,10000.0
-2.322637618550584,4.3528807975682
-2.323955067029149,4.39554264852729
-2.7426754269107265,4.964651603109878
-3.0690821930372,5.822250785979242
-18.709871518255923,35.649000465084875
-12.211663372602318,24.019823175168344
-4.321777653676587,8.0510325974991
10000.0,10000.0
-3.044534309513861,5.863275062706258
-3.920663906149197,7.487607606638147
-3.206357845810175,6.055492073528779
-2.960037207878179,5.5613153992138775
-1.8546915026256945,3.0491730176428846
10000.0,10000.0
10000.0,10000.0
-3.865529717262387,7.23869464688138
-3.5601074521815526,6.7500698262831
-3.7140114489972986,7.1487837578544005
-6.640718290727679,13.270638386962752
-4.357138276590267,8.27205587225079
-3.50139317235309,6.258564477522471
-4.0467238005355215,7.858506133303346
10000.0,10000.0
-5.162345329598073,9.917230789123442
-2.376609238317991,4.370638283135877
10000.0,10000.0
-3.462449843478484,6.598810239368038
-3.0260167453942963,5.798645301810675
10000.0,10000.0
-12.433338335851106,24.389160948994576
-2.5197377943352444,4.376217913274337
-3.4386178950620145,6.3484097387103136
-3.6799114071469514,6.9291463421016415
-3.066638679682535,5.637815267998746
10000.0,10000.0
-2.1869474915324565,3.616086925568306
10000.0,10000.0
10000.0,10000.0
10000.0,10000.0
10000.0,10000.0
10000.0,10000.0
-4.175639124133651,7.840704404904635
-2.2570996221006,3.926531054417127
-4.403299460972645,8.44329177164471
-5.8222448353658836,11.543340761234564
-2.877372858458021,5.648184449207765
-3.0147805490089525,5.667789967661988
-3.2371632110267905,6.2758361195695755
-3.735326916488369,7.308848870289755
10000.0,10000.0
10000.0,10000.0
10000.0,10000.0
-2.066337427860195,3.5568092359575116
10000.0,10000.0
-6.273223030890165,12.221299482867945
10000.0,10000.0
10000.0,10000.0
-3.259210508600549,6.5149652848528286
-2.4503050031809965,4.9247252123498795
-2.543550382397412,4.8372832414188025
10000.0,10000.0
-2.41423672851095,4.6449838109645345
-3.138919224991007,5.860530246252784
-1.9957895596221407,3.127204666942865
-5.661748994097314,10.726003227599666
-2.2787507432694127,4.302597793736724
10000.0,10000.0
-3.7436618285698864,7.2253335505119045
-4.036130655392984,7.817444897099092
-6.014437193944914,11.501935128953763
-2.5367055371803335,4.5329508220849934
-4.436502432350448,8.48001130799489
10000.0,10000.0
-3.6501268023665574,6.993067977857826
-3.0263590605734594,5.371944982459359
-2.207968920836428,3.9576951958627418
-42.84991534326996,85.2147457664477
-11.457134088251394,22.764928961122507
10000.0,10000.0
-3.3643025663896253,6.234578301085353
10000.0,10000.0
-3.233528520048815,6.208876360782844
-2.6904518783056415,4.8414860645033455
-4.055316097166543,7.873503233740695
-2.579617246222396,4.944477445016666
10000.0,10000.0
-2.5828271329422123,4.288580776544783
-2.116495312382631,3.6219979376745015
-2.481834657766732,4.518626764545698
10000.0,10000.0
10000.0,10000.0
-1.8792651777204314,3.2807448291725203
-4.542935969179654,8.538166363027155
10000.0,10000.0
-11.391266465243795,21.370353573387483
-3.2798299007180827,6.2682149743680196
10000.0,10000.0
-2.200126477801022,4.041390286394428
-2.540428631133647,5.05637120494706
-2.983310068855146,5.586075953022744
10000.0,10000.0
-15.591902998752325,30.222783286026967
-3.3324487752005276,6.037330526651312
10000.0,10000.0
-5.1308004670254315,9.844181423805745
10000.0,10000.0
10000.0,10000.0
-5.8365238458212625,11.604068458180235
-3.194135449433636,6.365673305038247
10000.0,10000.0
10000.0,10000.0
-2.177867606046739,3.7214911766360417
10000.0,10000.0
-3.8651353765700707,7.545593511889631
10000.0,10000.0
10000.0,10000.0
-3.137462899979764,5.745959095653832
-7.717378967008784,14.659473312347844
-2.906279066631922,5.487510061533211
-13.743429362574313,26.984323510114503
-3.2395555681360344,6.540413267841531
-1.9821986330535546,3.452932862816479
10000.0,10000.0
10000.0,10000.0
-3.0162315248219524,5.724859530031681
-2.8695485553652587,5.677497370159924
-3.0949400334257624,5.590615882941428
10000.0,10000.0
-8.89570189508637,17.42688372041662
-2.135198710955396,3.7449026094660844
-3.5212425566155487,6.47419345024637
-2.7124499386645207,4.969705885253033
-3.6847008986924834,6.729063516311424
10000.0,10000.0
-4.483704570155191,8.759699388269587
10000.0,10000.0
-26.401814892161408,51.5754143141379
-2.4580649697259336,4.115115976328919
10000.0,10000.0
10000.0,10000.0
10000.0,10000.0
-3.7456849851698464,7.434089622833082
10000.0,10000.0
-5.863506599318596,11.630350739200242
-2.271204229240661,3.584041496873008
-3.231385644817907,6.076385921859282
-2.9606049669140666,5.687747903240134
-3.3259476481642225,6.31196723762808
-8.844302152646092,17.121996691724572
-2.5787157486828187,4.51794180036979
-2.7505285271503968,5.313999355069945
10000.0,10000.0
10000.0,10000.0
-3.4824773830457447,6.841151325118444
10000.0,10000.0
-2.1521234057639527,3.54056136499389
10000.0,10000.0
10000.0,10000.0
-2.382518874101553,4.143788388491209
-5.793053079696333,11.351522386739564
10000.0,10000.0
10000.0,10000.0
-2.3613936580153423,3.7973757282573337
10000.0,10000.0
10000.0,10000.0
-5.451826823363002,11.154353462169626
10000.0,10000.0
-1.7585519045151277,2.7477116000904975
-3.1824092935728787,6.0721658569177555
-3.2117716613495686,5.906842989608799
-2.1914122071646216,3.837483687800664
-3.482449831143729,6.324033940135392
-3.0322256666962866,5.650739587218957
10000.0,10000.0
-3.7830294622521476,7.011916065099391
-4.306393493807742,8.330221699512748
-2.7827318458326777,5.442320784001415
-1.9482504502590867,3.6115651068891714
10000.0,10000.0
-2.4409289587836076,4.46817899180379
-2.6044639746890907,4.789156142342722
-2.309460920015627,4.239675717541153
10000.0,10000.0
-2.186130809512143,3.920667681921021
-4.755926455055064,9.210807256448156
-2.9224779911409966,5.192001018809929
-2.4843589837025046,4.186419962686255
-6.420966685782354,12.48236256254326
-5.6064315077733875,10.363023065083356
-2.3981362757871,4.3146660960557295
-2.3704595235473787,4.565170994801999
-5.046133373269164,9.810780528537402
10000.0,10000.0
-5.255816216292634,10.214491132102925
10000.0,10000.0
-8.603797793568486,16.98516351975422
-5.316115679174874,10.391794849305594
-3.2715304033307433,6.181266716852129
-3.8624035140654005,7.270806339377753
-2.6615626612607257,4.382243991580005
10000.0,10000.0
-3.353005248814209,6.577186982585125
-2.3043091774085895,4.256829268466542
10000.0,10000.0
-2.8398147798166224,5.362405308868971
-6.018917893299818,11.452002127107523
10000.0,10000.0
10000.0,10000.0
10000.0,10000.0
-3.4915383034869265,6.738176634415829
10000.0,10000.0
10000.0,10000.0
-5.1260703100772975,9.954716469307112
10000.0,10000.0
-2.745603160457697,4.7739289343021465
-4.439798656570897,7.906604423803497
10000.0,10000.0
-6.042094448284484,11.692260515250034
-6.625262116358332,13.16684240398737
-1.95534540533637,3.497378560992257
-2.6032037777416015,4.743526539262656
10000.0,10000.0
10000.0,10000.0
-2.609064655942076,4.5259384799760785
-2.5191447943188265,4.564036258819375
10000.0,10000.0
10000.0,10000.0
-3.045222025207754,5.759558009594293
-2.870786612251409,5.192085501976369
-1.8526740065220195,2.6887416743518737
-8.17050137220411,15.817002594482263
-3.670963695009816,7.224646008745195
10000.0,10000.0
10000.0,10000.0
-2.78728772491861,5.451904902527109
-6.863988846672437,12.91081233080692
-2.7690417189356893,5.098912858113468
-5.32885610496445,10.448797064245653
-2.845654446115024,5.053673817856824
10000.0,10000.0
-8.035010857469935,15.684361661982425
-2.5825719820725896,4.6432377709387636
-4.307412448336537,7.9610183393217
-3.415177490389034,6.6437631985703955
10000.0,10000.0
-7.884803922297593,15.157588423313763
10000.0,10000.0
-3.2295353787331273,6.091640932043197
-3.3710672046781496,6.436066961773248
-3.8821177309236976,7.319207645965662
-1.7338835873660192,3.011451671283212
10000.0,10000.0
-2.8710351605100035,5.5596711206565566
-2.702706463242261,4.851075991575696
-2.302565491462091,3.9379385293356646
-5.023777001361845,9.644338935981233
-2.3304280627428997,4.6142646862619605
10000.0,10000.0
-3.773109090368593,6.906903126204887
10000.0,10000.0
-2.647599980686175,4.539171437086302
10000.0,10000.0
-2.9296535670968553,5.402513833598073
-3.0210052399611618,5.169971449114861
-5.792229017649846,11.383559886241283
-2.5341984918974236,4.303872847365324
-3.6571162842053972,7.137214328700754
10000.0,10000.0
-6.564911827218847,12.81165551203271
-1.716545130283307,2.9341271460954728
-2.7208938715093955,4.954274721600784
10000.0,10000.0
-2.005155295654068,3.545284195861201
-1.8347475552078638,2.6320584110554046
-2.2872936192780657,4.2023382969751255
-3.5952571987873134,6.704280352053758
-3.98173526042224,7.74391077806462
-2.5065917411651477,4.615059218601156
10000.0,10000.0
-3.1728390972025435,5.989226240121504
-3.4639507432650496,6.217426059124953
-1.5612501645745356,2.6375777288447453
10000.0,10000.0
-5.18697816919978,9.607954903595054
10000.0,10000.0
10000.0,10000.0
-2.760165677108075,5.330263570646296
-8.32688815682553,15.681554491885263
-8.527964838308124,16.45785900428903
-4.612367822612084,8.557080470920594
10000.0,10000.0
10000.0,10000.0
-4.8998583280405565,9.144924739333868
10000.0,10000.0
-2.257388502398083,4.248808580273494
-11.415240100364652,22.006634289367355
-2.188536924678569,3.315345183200196
-3.7216032245136503,7.183595661307531
-3.0503430094532282,5.8680096836195315
-4.471597464630048,8.738568419329212
10000.0,10000.0
-3.451700808857303,6.524264972952023
-2.999735594647591,5.655894021553476
-2.0269785752259617,3.666114524128399
-2.059657848690189,4.136381148004288
-4.957609372397063,9.330983162733682
10000.0,10000.0
-3.039839304530981,5.455801750986767
-6.642120748706586,13.123990928476804
10000.0,10000.0
-2.376654972412129,4.112061238467119
-2.766236616504615,5.181465079960658
10000.0,10000.0
10000.0,10000.0
-1.8158143939968268,3.524518720676798
-7.112658535953381,14.349039441176183
10000.0,10000.0
-2.0585071018467764,3.936354671682614
10000.0,10000.0
10000.0,10000.0
-4.508680501804294,8.402088507122423
-5.22910379157381,9.942999592386961
-2.0361107042440807,4.0105249056426056
-2.151894371857095,4.082370383445224
10000.0,10000.0
10000.0,10000.0
-5.460504014191393,11.074531992766826
-3.463980452302714,6.558218800656109
10000.0,10000.0
-2.2334949004007965,3.865324141158913
-14.108044407057095,27.259121901019036
-16.14363568434459,31.695561134064384
-2.6578433256042713,4.508120286729831
-6.536643289921028,12.650617449768873
10000.0,10000.0
10000.0,10000.0
-2.158661692397997,4.152574921620416
-2.5439581412627628,4.461851964852005
-2.605375821583918,4.682309155524784
10000.0,10000.0
10000.0,10000.0
10000.0,10000.0
-3.755434657916173,7.152899385582874
-19.717892456546526,38.824457663231335
-2.196148480858243,3.856304033055569
10000.0,10000.0
-25.555329782980177,49.371546302891645
-2.7003450492559007,4.85040695917398
10000.0,10000.0
-3.7166135523911725,7.173865792998628
-2.4672104740064107,4.594861468167213
10000.0,10000.0
-3.2385263416920047,6.098363191196941
-2.1611609021686644,4.03872928838561
10000.0,10000.0
10000.0,10000.0
10000.0,10000.0
-2.484531982675237,4.481947017089277
-3.576308821726328,6.638035702895177
-5.086282679277203,9.336127413575806
-3.250945297329511,6.112088818801027
-2.560516686462547,4.726863069766552
-5.908888215194718,11.409154734656644
-2.8757000267953208,5.643570463174927
-11.32559832470429,21.752772301322654
-2.6135248345247457,4.772647493457603
-2.333685083286392,4.90717258413011
-2.3366961280193914,4.665648100267099
-4.175404588934678,8.128139135982197
-2.360970607017572,4.408556590623406
10000.0,10000.0
-3.212230834378356,6.164093863162411
10000.0,10000.0
10000.0,10000.0
10000.0,10000.0
10000.0,10000.0
-6.886488685215197,13.192402443311261
-4.285855192235929,8.506395913341352
10000.0,10000.0
-2.218996850106165,4.182879113159384
-3.057415169511823,5.580111036893632
-3.6302194662316474,6.718515892914786
-4.661785013744489,8.968407242211438
-4.493468517422598,9.261804619113493
-4.451494271031383,8.312658715236036
-3.8148236946432696,6.748384504575866
10000.0,10000.0
-46.47848562345503,90.28199320035117
-3.507222089651454,6.594692656983431
-2.063886121599727,3.952949576700629
10000.0,10000.0
10000.0,10000.0
-5.352756398362136,10.426497460111543
-3.643626137890786,6.766409237909364
-1.7173993012682847,2.8353674333253878
-1.7107273566147267,2.1709523721841086
-2.125992208363238,3.8634987498312543
10000.0,10000.0
10000.0,10000.0
10000.0,10000.0
-8.55704762459805,16.420223080570235
10000.0,10000.0
-5.677348963961827,10.819704083368435
10000.0,10000.0
-3.980833790796134,7.763848569593371
-5.785267031333241,10.987009537301722
-1.5838490024287606,2.808096534014885
-2.1823166365865996,3.621526277877123
10000.0,10000.0
10000.0,10000.0
-3.9562100143297396,7.801790608649863
-2.569649118543095,4.933661445673226
-1.701361276035441,3.2283195323396536
-2.8915496096557995,5.547904425190174
10000.0,10000.0
10000.0,10000.0
10000.0,10000.0
-2.7798858131008997,5.056717732843652
10000.0,10000.0
-4.614218368208304,8.560009642832341
-4.962553151666467,9.365625149127634
-2.3527089394658898,4.063771831422012
-5.74457697990351,11.413739829543076
10000.0,10000.0
-2.8522863414221304,5.196221561532498
-2.527431564499534,4.8354675074322495
-4.340427429130225,7.957533700115795
-5.75513950547768,10.939318743217612
10000.0,10000.0
-2.5646608971467346,4.589360739730898
-2.604010106842965,4.710545298020651
-2.5122249860803456,4.762620082702999
-4.540752691898464,8.467356457288991
-3.413971779055613,6.197904719322041
-4.925774435270262,9.107204978833918
10000.0,10000.0
10000.0,10000.0
-30.999810933321324,58.60648859547555
-2.9274682421280014,5.176184486969078
-4.795902951184067,9.57569870847133
10000.0,10000.0
-4.046189672447946,7.528377721667735
-4.147897474618381,7.758894568625413
-5.609779966067101,10.577535680690342
10000.0,10000.0
-3.109447895110598,5.8391983541701515
-25.641062144610743,49.22952189497428
-3.6621928123350047,7.247348299180255
-4.250243181294125,8.346269826704768
-8.152144467732633,15.934012895578126
-2.3620553428988917,4.048195918754044
-2.028829465989859,3.504654729181014
-2.4094819489445314,4.169703436464135
10000.0,10000.0
-5.958111429662643,11.895227472814907
-2.541814936724152,4.53314605589128
-3.3245714039081324,6.1398250772763046
-3.255376533477248,5.993376890525811
-4.224137908579261,7.850331677455466
10000.0,10000.0
-2.5925941156789167,4.623906239881038
-3.8149572159668983,7.097997647344368
-3.853081854133718,7.153302888569448
-15.20235304011311,30.578584682961722
-3.734102216412968,7.099058965536146
-3.3638468765563463,6.236267440117774
-3.572556108858171,6.76733202853845
-3.1714208735849194,5.589838038048203
-2.5684550443130063,4.823511028773003
10000.0,10000.0
-2.9159554798862777,5.045280098520587
10000.0,10000.0
10000.0,10000.0
-4.1661160624081255,7.855499665121995
-3.8539495739224043,7.655127766507048
10000.0,10000.0
10000.0,10000.0
10000.0,10000.0
-4.050644054715066,7.685390463419296
-2.9229251411644874,5.746993260681359
-4.49169693832221,8.676981306495392
-8.172897462607908,16.289067194580973
-2.7623675910138257,4.846884021885813
-4.513728400386935,8.761749275270732
-1.8478342480859586,3.421830689291737
-2.1747519931868187,3.5971305409469556
-4.308935700306295,8.131011031242068
10000.0,10000.0
10000.0,10000.0
-2.52361249813386,4.518391843629986
-6.03619516665507,11.613567478833827
-4.805118825192926,9.198686736188014
-2.8322106035624093,5.324896708102242
10000.0,10000.0
-3.32386884245256,6.2298389669142935
-2.0550296714064733,3.402633378530351
-3.3696304067684935,6.320869556933016
-4.506155635046798,8.911874312651031
-2.476214514417559,4.57415418303611
10000.0,10000.0
-15.793123885343045,30.505905831763652
10000.0,10000.0
10000.0,10000.0
-2.0388307383271282,3.478976080916195
10000.0,10000.0
-4.731480477252088,8.836382704546304
-3.7813350956420413,7.053995233893847
-4.4717665355522636,8.738983335126159
10000.0,10000.0
-1.9226795168757602,3.281166411925127
-1.9116751358038577,3.667586984342746
-10.06181429607253,18.70736636273866
10000.0,10000.0
10000.0,10000.0
10000.0,10000.0
-3.486571125446531,6.984019949603218
-2.0920804078042936,4.080764719015777
-5.044374576116009,9.496650207533373
-3.7283417453115804,6.99369025111245
-1.9359478905295724,3.538517422970065
10000.0,10000.0
10000.0,10000.0
-4.4206853134844595,8.419218590441767
-3.0071195551903123,5.670782691767911
-2.184395290020666,3.655265822848865
-2.3870853740921505,4.054108414512267
-2.1869943123396305,3.7498738790701798
10000.0,10000.0
10000.0,10000.0
-2.6270480411636825,4.726546299773106
10000.0,10000.0
10000.0,10000.0
-2.9201659838884706,5.139012226851011
-3.050448994400735,5.814195933718287
-2.0945713374179142,3.849876288581077
-3.6363881546173826,6.874204741402512
10000.0,10000.0
-3.936091730635194,7.381810622010815
10000.0,10000.0
10000.0,10000.0
-2.718829283565113,4.713141613043023
-2.289531395525547,4.1222143777106925
-4.376371138298613,8.369445076316516
-2.554024112222594,4.42940844457638
10000.0,10000.0
-35.45597689937584,69.22501612062867
10000.0,10000.0
10000.0,10000.0
-1.8904261508904634,3.920499841696291
-2.7400049090500382,5.238835166384455
10000.0,10000.0
-3.9973178610181126,7.187720687023287
-2.917549093007962,5.378016923738888
-2.047334127835451,4.03208894115982
10000.0,10000.0
-14.159402346487605,26.508317986803856
-3.0535544280524864,5.44303498496233
-3.0370867983345127,5.719384951275565
10000.0,10000.0
10000.0,10000.0
10000.0,10000.0
10000.0,10000.0
-2.581376710233599,4.519800157387777
-2.642178963602547,4.810522897935281
-2.3986683953802284,3.9769431940408664
-3.78712249745191,6.948395814352844
-1.8271766322689011,3.7172503611870233
10000.0,10000.0
-4.7430923877203695,9.305175841313217
-2.540781414047225,4.188695449064291
-3.6084711213425735,7.068146439087221
10000.0,10000.0
-2.762457870693584,5.069267386989446
-3.5190176624873257,6.744673150079563
-3.0360851058529144,5.285960116478822
-2.4515693966060286,4.181314143086546
-3.353264677695206,6.336270312998247
-2.7536582215783327,5.077282839157954
-1.8965741072320614,3.549571392639986
-1.907461654009138,3.6377846007687005
10000.0,10000.0
-1.8238186972704549,2.671417236952481
-5.886326136755078,11.409510269231825
-4.650331885614266,8.862576120442665
-6.171591085245222,11.872311309518224
10000.0,10000.0
-29.94192705704137,59.54025222028202
10000.0,10000.0
-1.749837439910463,2.494306370996865
-3.958165962698176,7.463422188242607
-2.716096519280044,4.923633085141799
-3.681374933520476,6.76995883783418
10000.0,10000.0
-2.8036231968548204,5.050376761644695
-2.2227578877235907,4.280747320948443
10000.0,10000.0
10000.0,10000.0
-3.342701018236962,6.22406949915123
-3.11092698392512,5.583772628225003
-3.2723631147304353,6.200230692535777
10000.0,10000.0
10000.0,10000.0
-2.2554211975335954,3.95105900975686
-3.229014939772985,6.252356349046398
-4.104277389513938,7.874411852192312
10000.0,10000.0
-2.0811735094149664,3.7645317713509883
-6.222991080041365,12.083258803680634
-3.1125649313394557,5.446921570050831
-3.136695342169288,5.586584549116701
-5.113712409275779,9.628928955364856
-2.2845244637914672,3.9756272241545783
10000.0,10000.0
-3.776385855615683,7.252527036563681
-6.803244858223152,14.01288135032278
-3.0003744067188425,5.7199762186280685
10000.0,10000.0
-5.074272182723593,9.616783038849839
-2.391480627780197,3.9930537158646455
-4.473066566980269,8.432567799202468
-6.90295841646197,12.793254651781671
-2.5526995005461117,4.799012494244121
-2.7264222505506464,4.934696890790688
-6.488061339826059,12.526464451510334
-2.1545740094798367,4.063918688000498
10000.0,10000.0
10000.0,10000.0
10000.0,10000.0
-2.9929980700714234,5.514272370228949
-1.9599025010931277,3.4779480885020484
-2.7791467309223674,5.140541650519803
10000.0,10000.0
-3.0553085800473676,5.745137064241628
-2.609623707439258,4.368136819809663
-1.8556044955493163,3.6888735692072037
10000.0,10000.0
-3.3576082913327134,6.521572416888823
-3.129964831991776,5.8575615964827445
-2.2973525254191647,4.112458110741212
10000.0,10000.0
10000.0,10000.0
10000.0,10000.0
-2.125961424406346,4.0249669107363895
10000.0,10000.0
10000.0,10000.0
10000.0,10000.0
-3.519456071669473,6.93528466164424
-3.047687649792106,5.672674528047301
-2.9802228128081354,5.425187494238161
-4.843646049465387,8.997472227064364
-4.0537035639419345,7.791689578975786
10000.0,10000.0
-4.061867595402269,7.450188336716358
-3.5456426250729254,6.712196229943834
10000.0,10000.0
10000.0,10000.0
-7.091783612795675,14.618052677748446
10000.0,10000.0
-2.4510211155201964,4.526844962960043
10000.0,10000.0
-2.461653872795726,4.587277357066572
-2.3365872019625056,4.288094277673299
-2.494264474887857,4.649176638395679
-3.7085893006419357,6.947638303231059
-8.465845795201611,16.650593975707885
10000.0,10000.0
10000.0,10000.0
-2.8140413868346803,5.190857886685238
-9.800199705555606,19.038802455881804
-3.6130697822891706,6.8160297070660985
-2.3198559168751114,4.044091821977516
10000.0,10000.0
10000.0,10000.0
-3.236721820623884,6.218522467758643
-4.366156219015967,8.395926385714514
10000.0,10000.0
-2.0952944852277113,3.504407711150167
-2.2483617925963237,1.471110942801253
-3.2422523370798224,5.744001599416431
-4.123719983690549,7.7654968252550205
10000.0,10000.0
-7.599901876295073,14.39300797504377
-2.042072779441427,3.691073067482029
-4.573456529428231,8.645759652625888
-3.453111184187764,6.704791736024009
-4.480610801352106,8.445737873480594
10000.0,10000.0
10000.0,10000.0
-2.5715666734781415,4.834026704160895
10000.0,10000.0
10000.0,10000.0
-2.524465747652861,4.818645002460786
-2.963274730961052,5.389874907526784
-3.199570923218557,5.846645438884047
-3.3832028353192487,6.340676045353912
-2.4722069848545702,4.45302441910887
-2.716712696271,5.0707286977742925
10000.0,10000.0
-3.3764337429265696,6.529402814545167
-3.2187189856374956,5.694007379185619
10000.0,10000.0
-2.405040443111866,4.292360280898286
-4.498124757921293,8.445350158261926
-3.453472144699629,6.700818038065578
-2.459798782393105,4.218369415632348
10000.0,10000.0
-4.375517675031421,8.339894053980169
-2.3071905553952834,4.003970711200074
-3.7822894217396392,7.501209890082063
-3.3494408967992677,6.364768202592503
-3.157260053756196,6.061071792935265
-1.7987856111553653,3.158747770157653
-3.5991573788122855,6.696480536423334
-38.76854230073707,75.6843151421405
-4.249227496552616,7.897223738215475
10000.0,10000.0
10000.0,10000.0
-3.3685465240696986,6.506899313982036
10000.0,10000.0
-3.712462926684614,7.029829671045592
-1.734579693633118,3.04840129833647
-3.5331167428422003,6.880776601556327
-5.426715447617999,10.317636617206475
-4.035561630434562,8.156188839623907
10000.0,10000.0
-2.671098795922409,5.411577508153388
-16.213821440933152,32.00421272930605
-2.0045386269171024,3.752715461089623
10000.0,10000.0
10000.0,10000.0
10000.0,10000.0
-4.08201690497198,7.512244914567394
10000.0,10000.0
-2.205327153547034,3.94237833107108
-6.94653606167416,13.329962716009474
10000.0,10000.0
-2.3548589994209497,4.031854651891002
-3.3093488250417393,6.266791434050373
10000.0,10000.0
-2.656145934522166,4.972295453508786
10000.0,10000.0
10000.0,10000.0
-3.015612800845241,5.339392513293577
-2.918932131245005,5.05248706843134
-3.1789814735225996,5.837090695695371
10000.0,10000.0
10000.0,10000.0
-1.9205370932424617,3.2987165967424823
10000.0,10000.0
-2.742269031271115,5.016066682004819
-4.791305159943543,9.486443367842687
-2.164196476136639,3.6433082110383372
-2.5771959971136247,5.02472320806097
10000.0,10000.0
-4.200085024499811,8.356321242830825
-2.872110834263715,5.514451574608546
-4.428243538821145,8.404144408002155
-4.662372706229445,9.224608487223172
-4.091598187094307,8.061340327267402
-5.730333372443965,11.059036622021456
-2.5751293105397806,4.773813274172554
10000.0,10000.0
-2.7217690623392534,4.958851973460859
-3.6240744215119083,6.9708784746410295
-3.664145912627007,6.704169672221304
-2.463225725225007,4.387859368332324
-2.152437495433322,3.655213969801472
-1.9245978298635344,3.1416944196823313
10000.0,10000.0
-3.9126361547610786,7.22776453799658
-2.447447465988849,4.176690869029312
-2.933014658975507,5.593471754702554
-5.71617399351804,10.439236203082952
-2.5475631612898435,4.405399783829673
-1.74120055855723,2.7378927482193793
-2.991358517473377,5.349809223870979
-5.419611420165373,10.760032452255421
-10.859013895650614,21.521181537797563
-3.1068756103428554,5.874088013783695
-2.120822864658025,4.063036466510477
-3.5976686790750323,6.648085200229298
-2.54623405737543,4.560059633504491
-3.0175426225482673,5.685844776961719
-4.357570153089221,8.246413865503015
-1.9734320963771328,3.6357212591859533
-18.383093661930587,36.721739717330735
-3.683868215789528,7.10342278359781
-9.825897683017459,18.6598602471044
-6.8462633573131475,13.702876594383305
-5.733261842795099,11.166876277875526
10000.0,10000.0
-3.9274381944808603,7.762308271229726
-3.656387107219329,6.7605088533943025
10000.0,10000.0
-3.025770633171746,5.603128215465135
-1.995667630787901,3.928421197124496
-2.1684473235869297,3.6474321440204225
10000.0,10000.0
-5.1558293120724805,9.786470290074215
10000.0,10000.0
10000.0,10000.0
-2.4153155058526896,4.299931205491177
-5.4198711795137,10.286631041516191
-2.3024712493167883,4.201684143573816
10000.0,10000.0
-2.3263348612757326,4.539553895626493
-2.847842659809062,5.2192582026222585
-3.1002151547092955,5.597079987985375
10000.0,10000.0
-3.5064759132386794,6.583494775965554
10000.0,10000.0
-2.703241225249022,5.017507606115967
-4.966082979017044,9.342450246924468
-5.061230060411145,9.746774774141661
-2.093700827697912,3.7182381777357247
10000.0,10000.0
-8.848030488847352,16.672409451929955
-2.0749125996417774,3.6375794680167775
-6.872165494095919,13.422703643023475
10000.0,10000.0
10000.0,10000.0
-4.057254398092909,7.9726221822806425
-5.429997791912835,10.46912283296599
10000.0,10000.0
-2.4933919687427437,4.181998458288639
-1.4434642780419162,2.1140360636110214
-2.020904624138004,3.6304463111954637
-7.344285025567904,14.243986718061631
-3.717896326791232,6.751360067172704
10000.0,10000.0
-6.251866635927699,12.417196352968473
-2.611455247743897,4.654713852229225
-2.5314951599986055,4.843148739738976
-2.0746642293333237,3.879843877341039
10000.0,10000.0
-14.738874422041512,28.218132174263708
-2.3609173976389894,4.220995529634839
-11.811891280289883,22.511407420002303
-2.778911979611666,5.0132108185922055
-5.021292461513158,9.883097265996872
-2.778861500249889,4.712982231705473
-4.989983072707309,9.813722399895891
-3.391917893525587,6.411386896791991
10000.0,10000.0
-3.549448838197402,6.724961859102086
-2.831384217057794,5.517916816740088
10000.0,10000.0
-4.583818738994519,8.89549122915257
-5.253241101384608,9.874610555937029
-1.5206967375763654,2.1752220822614126
-3.6925925439254605,6.921346604393345
-4.081882772680716,7.40559912144718
10000.0,10000.0
-4.075238238818292,7.821098179523502
-4.223699900993023,8.169162871769716
-24.623592484590247,48.58997521006683
10000.0,10000.0
-4.050536961439328,7.665947936620227
-1.5405631672854088,2.9836558254581544
10000.0,10000.0
-3.1361616344533085,5.942359807136219
-2.1732452985415494,3.622222723741166
-2.8375019468282865,5.723689833672385
-8.670444039008547,16.258098595255348
10000.0,10000.0
-3.4315107196230197,6.26674053157648
-2.126809757839246,3.7416180375433723
10000.0,10000.0
-3.1549265830098254,6.061344939558325
-4.832807818532071,8.961254504210023
-2.8498099309100557,5.024390070479637
-20.58599942412829,39.53080545771221
-2.8776743278042294,5.071167146229001
-2.2411910457299626,4.441390008333609
-2.231243262041085,4.189085968828028
-2.2535127514428748,4.177434720757335
-2.5269686735592476,4.845888079472613
-13.305737011758623,26.461694414423086
-5.3184932862817265,10.468739376850957
-3.9859743095822315,7.407721938734881
-2.157726683311995,3.839344399686535
-1.8225905661203197,2.541121748959105
10000.0,10000.0
-2.459173562997,4.620572088685682
-3.375613809221293,6.217456008200317
-2.2117729164944473,3.8226543976907053
10000.0,10000.0
-3.368835906497836,6.101872073059842
-5.13755805015081,9.713344412127048
-1.6677012923319183,3.1142945284596624
-2.993153852415795,5.78038027532744
-1.6970550077069297,3.1110923364565077
10000.0,10000.0
-5.661204241923755,11.12201048320187
10000.0,10000.0
10000.0,10000.0
10000.0,10000.0
-2.174823088541143,3.9389148268354437
-5.6101626394633755,11.107465715436646
-4.3541123370621655,8.230904039734696
-2.535956416047592,4.598300840307029
10000.0,10000.0
-6.356387996527948,12.204763114888266
-5.315669926027313,10.464191234454127
-2.1320751350206666,3.8751119650456043
-5.642172068442489,10.709524600671424
-4.849990788496621,9.521299978125352
-4.6138766227194425,8.785298970874319
10000.0,10000.0
-14.106915340164441,27.91518719473523
-4.23265136649387,8.176387394408692
-28.46352667837239,55.36434634723413
-9.610481763492135,18.39984251637988
10000.0,10000.0
10000.0,10000.0
-3.282281453149206,6.328309156494849
-3.4788204173058923,6.762549516333051
-4.038251020697856,7.7887577805055255
10000.0,10000.0
-2.1252379009224933,3.6322905959039296
10000.0,10000.0
-2.9359212160028645,5.564482282683319
-2.927021416426154,5.077849182426464
-3.579773258836209,7.0854010722106935
-2.23121027066256,3.676902962684975
-8.078295417923213,15.649146352300631
10000.0,10000.0
-3.0521228283649724,5.81204110885397
-3.3298474131779816,5.966641587007173
10000.0,10000.0
-3.849803398105204,7.246220387725323
-3.5706511456304293,6.7006548827525805
-2.997157068446484,5.334194661296824
-6.2336671171783635,12.293534640056409
10000.0,10000.0
-4.840628500092353,9.355820078512766
10000.0,10000.0
10000.0,10000.0
10000.0,10000.0
-2.174891547135622,4.196738807478562
-3.20908575189556,6.094039016506178
-4.616251805288627,8.47546725464273
-2.240269536682437,3.657250594417371
-2.4935310654517115,4.599368783406211
10000.0,10000.0
