-9.984226545713469,14.530506774160113
-3.729487921575053,13.427300643842615
-5.012091461815449,14.213727010667302
-0.8593139456831163,7.8399747736544
-4.17981945258519,15.788659904144879
-1.963735507105585,10.334632265327599
-3.7474772814707804,13.293654784392082
-4.245276683098614,12.320579082927187
-4.489155304729248,13.21710566820201
0.5128784525143703,6.960961709044352
-3.3978635839963,13.378189281390393
-8.891219366867288,28.68155815722258
-7.479312334660151,22.049643571747506
-8.424051058783258,15.310091694392185
-1.153389916841949,8.694117021519276
-3.5928322602085707,12.830086597869249
-1.8658301314860741,10.524979114326197
-5.646219019075692,14.008130035258162
-11.730418318546368,23.93648011864853
-6.609066693683171,21.258263713539552
-4.447550280349081,14.068680093407739
-5.390203859250509,13.924534120602885
-3.0758514954516207,13.611740292060928
-20.83149309775111,14.973584252792845
-7.5947721950022435,15.337203810261428
-3.711206193042189,13.848380661089275
-3.1958179083159766,12.42264820750224
-3.594688245463887,13.57003470366569
0.48699859543715324,6.050571119050975
-2.7607139984230606,11.15626487913538
-1.463298922986099,9.387599143520635
-4.1097231246485,12.013956496197526
-2.0108457807922355,10.980756877480239
-4.855859954033043,15.185335597487787
-5.206286702726035,14.659733600231506
-5.298544056275509,14.301692949883567
-20.462040426096237,16.465214469998376
-3.9496141279814356,16.28066538090489
-7.411225391376133,14.167687912283819
-11.545957196733417,15.330343330104728
-4.645588600765984,16.48175069542532
-4.746031896893807,12.948296349871395
-4.000808115683388,14.402346753150876
-5.853831114280532,14.836270672659227
-6.970487189804034,20.627055819794002
-1.397196281962791,9.605053670406297
-3.887301700055129,13.325818806538676
-4.196364943204011,13.047776573679876
-4.31610134354442,13.51613368286719
-2.550754149824135,11.01670578271905
-2.7212439385561717,10.57650739701064
-6.922377691512563,16.606604262703193
-1.3579581927333735,8.361574120836387
-3.012982058321758,11.572355003613863
-2.2185308833388477,9.889369260399986
-8.174584863014045,21.071459885619927
-1.1881465747586353,8.706743086981055
-3.984000804848656,11.18331122974858
-10.753780019668625,17.08752098375656
-5.513538848881815,15.236813484576519
-4.276725239036342,14.84193176083069
-3.3183644482477668,13.098737501747626
-5.160928766944028,13.535610854471154
-7.379388951468796,15.10838971322751
-5.136395565429784,13.322696337655348
-7.473583972493563,15.559736670341465
-1.1159800667124875,10.447346954627855
-2.957512357443418,12.36160094323596
-5.604618769354905,18.531886718122678
-6.494398369178966,14.203000347339826
-5.053584829425199,13.051684177663226
-4.080614416458719,14.10334424974952
-6.253135386074401,22.890098517159693
-6.311816503898781,14.7996581371805
-7.313365037337802,14.942460418507622
-1.2123351818617416,8.586261055118836
-2.8134430774446386,10.405079967090899
10000.0,10000.0
-6.183234485759001,15.865170865361431
-4.603347717444717,12.994768832044318
-2.4272500250982425,9.799026153028727
-6.09627594392161,15.185025850152513
-3.1907264046142445,11.474052946975837
-4.452052513035454,14.949199616394734
-5.515458932691328,13.748248851676847
-4.420226093690381,13.941206050535875
-6.159593076322915,16.27584922991397
-4.894686746848566,15.072498316910597
-3.7684660393715435,11.808692707561029
-5.6412233764234845,14.706993716958332
-3.2533018215198526,10.958975427861185
-13.477327823312615,15.74129263249927
-5.366262182559303,13.68359832750531
-4.013656003989952,13.599389702865265
-5.243260595429086,14.445714572551555
-3.003485077315161,12.133263769278125
-2.920312565316215,10.972515748330412
-4.919601256976355,13.020730527139044
-3.3892617032255066,12.442573916800335
-3.9389901398931118,13.332648658972408
-5.317450298703221,16.176130651275972
-2.39545969548934,10.438992481216559
-4.38796778508319,14.389019283243908
-3.3274939648924446,11.499598953858222
-0.49365150658987833,7.539846571100799
-2.481600165509745,10.594280794297795
-4.455327320370746,13.295635892052209
-7.029364611748035,15.444303353237432
-5.090487715876461,13.074684040491126
-1.608494267877784,8.935803640937891
-8.055995035664496,16.63957799694868
-6.610136093577291,14.428608452043719
-7.465021939502136,14.268837619651263
-4.88121498596057,13.865448500682065
-8.32972627734089,14.9097490634697
-9.67095455752623,29.01843406436503
-4.973204008847527,14.590845309499304
-3.4584450129625446,12.740083292305874
-4.013495052134842,13.263701872273124
-2.4355706697641373,10.746332740156467
-4.130212604401389,13.211646899061815
-3.613939166863524,13.230924392859704
-8.964643953167924,19.93218489506062
-2.4311841010107313,10.488690359852658
-4.219035424892774,15.161968970751472
-7.583372524992217,17.860825258142988
-2.8575618113610335,11.482082407859595
-4.190675159947956,13.266177617798343
-1.5902957373471163,9.620485535766985
-9.17842963917697,23.405955120787898
-2.3173469524410257,11.47205816942961
-2.3885445050161485,11.854835432282426
-2.5845834054682313,11.534533991327214
-1.1934006237189148,8.993454932036293
-6.889273810586331,14.348527516142294
-4.399186244664464,13.96791249253866
-4.311489560291206,13.504706692978415
-4.849434917381865,14.69034758082263
-5.1991066723547865,12.83715419872152
-1.8907443472942815,9.817728650541952
-6.083392682062344,15.205313165383338
-6.164361145343483,15.180277136466723
-4.393793181778986,14.393321044484587
-3.7185269939136436,12.010276538241438
-3.4364682890982534,12.308959517130777
-4.694255619789925,14.534277898858946
-4.0387623647940085,13.354462420984126
-4.623905180276438,13.609469466676591
-2.0679398811534133,10.513280109417655
-3.1922441745586116,12.312473457112377
-4.349038430683458,14.115649298029135
-3.9052111404301897,12.949269534810018
-11.177760697626905,31.535273363069635
-2.448720758040985,11.578425041746433
-2.6464180999030487,12.847857628300119
-8.093926206144483,14.694357771565622
-7.647737018629823,16.952114602486397
-4.17564852471052,12.594040013386321
-2.943143412484831,11.965733863540917
-4.203029432740578,12.746383409067292
-3.820898162568054,12.039035392572867
-5.132461301319003,13.703579673427665
-2.2621543204858576,10.357090855460054
-1.8016314424526252,10.15524219380979
-3.662351297260586,12.330959675059656
-3.174284480657232,12.60015505324092
-2.524348645260836,11.287851987744615
-5.316913325613203,13.67968524120503
-2.4074087647464566,11.932858761474003
-2.5611959420937978,10.07345546753923
-4.367482132042301,12.18990074634783
-11.129836053962245,28.638734300932576
-4.210535264113845,12.81550050834333
-3.6700685742197083,12.343879281284979
-5.96887624295939,16.19443866446684
-4.513596251043166,13.798902420571801
-14.10337921059491,16.490328240245386
-2.906900414045088,11.590479139447883
-3.0084945238594814,13.241602273902556
-3.4108497468341006,14.377781906614645
-3.46729929900917,11.781064498302754
-4.495553480921959,12.307360239241431
-1.7368929668559072,8.977366387522393
-3.26533114824659,12.70180650016387
-2.652249461300576,11.140067927409419
-1.004605585057211,7.72419475280584
-4.670820608516752,13.560706301426219
10000.0,10000.0
-4.627388901179592,12.514776238557644
-5.297713971323953,14.450191561663404
-3.933164988223073,12.50058941763224
-4.213936398060273,14.112841780482153
-5.583757352697468,15.164404365427396
-4.030170612801267,12.89362196525907
-3.8609878129867776,13.528036696178411
-4.597788583858251,15.801325698541444
-7.369843305089333,14.980732907450168
-4.651805266552494,12.417559878746635
-5.934412242536709,14.746721315515696
-3.2470356656820774,11.574910174164023
-5.534113811398688,15.414385022619816
-6.117103627408051,16.758985504033223
-5.240632312691416,15.901676029036523
10000.0,10000.0
-5.280807069917513,14.819767517414109
-9.008170515216792,26.04666728676775
-3.6319319386912823,12.582248736639405
0.3767790293793072,5.818289156997642
-2.759825637213201,12.230525285068584
-5.722939044402034,13.824096590011766
-1.2736245035653655,8.995493788435324
-5.158666262172822,14.40268834455899
-2.0017249376061748,10.83715692200301
-3.057056874059352,10.74412076839517
-3.904367240448373,14.321380753891317
-6.052014958632177,13.822470191829817
-4.36617056982074,13.515655773709053
-2.985042863824481,12.663586773965223
-3.8265293507903553,11.810169982442522
-2.3750107962022566,11.087190556860483
-2.9780896469551026,11.244098107639228
-3.2766443559922678,13.992279449534355
-4.841135145274983,14.169542427396715
-4.537162443110436,15.983132539318882
-4.131036004100054,14.014600369410562
-4.625996604692336,13.039967804162163
-5.137907511740869,14.095996408289501
-2.7405097986404567,11.745131255073094
-3.1900044117873225,11.840410002387458
-13.695770609564928,17.773873383687704
-3.4559863010482172,12.434461410594473
-9.632733838811687,18.880528011069032
-5.670670319837839,15.381562205304476
-4.19039980733376,12.819016058655786
-5.629439951977692,13.892593728301822
-2.938462151242544,11.63243809712372
-3.549034179580489,12.040878232271917
-4.651088730389709,18.36273610209733
-4.465819854842123,13.730098380771201
-4.089945866620507,11.26326645621608
-7.935711781037269,23.31532473280901
-3.8622988236329583,13.495066557095736
-1.9458240327689345,11.554335474758151
-3.4521975427802705,11.07176996387327
-4.2887055850220035,14.364038967982657
-4.714466139359412,15.775967862499709
-3.5396740043057364,12.02324789216197
-4.852847183212578,15.355213876260338
-5.988437492425508,17.404623217922506
-1.3844422422647236,8.756413294567936
-4.672428338638238,16.301473479854845
-1.8986311815880241,12.798310424774868
-4.799379563524704,14.108937955309658
-7.743012313445452,14.845317147488842
-8.771585907924276,20.644598330253807
-3.9525786739084436,12.664098010971996
-3.9091159571552043,11.84879534645206
-2.1443613205307575,10.937911611627626
-6.139769157911194,13.14222670248173
-2.836467206147226,10.901605017690224
-2.8209888248175248,14.067692303208705
-1.2368714241786565,9.894336394411585
-4.189721865939495,13.620829006394693
-4.176160172799026,12.454290483440639
-2.749370328158982,10.319447435316993
-0.7862741099652267,8.693890937791087
-3.7876022749827296,13.038655965610646
-4.050243115998198,15.586296307280437
-2.7743128955649308,11.98116087697037
-22.819052114891015,15.894719499273487
-5.340265763547866,14.365454236266677
-3.2696565198427567,11.925434051302014
-3.516472281735582,12.239263967656306
-3.2721296331177863,12.677275623380167
-6.793436177128785,15.04668374963737
-5.162356329935354,14.566503109258145
-3.6581857751199496,12.653688033624656
-6.576025573983322,13.970924387968433
-4.021502173393884,12.269438878733968
-5.369821109647937,15.548631397010407
-6.350727634008425,13.997604772629638
-6.33407508769006,18.47844263236908
-3.275385927362458,11.363471159591704
-2.0166177912597028,10.92213550362158
-11.043329571971364,17.154155421397856
-4.563875270105968,12.104219145023851
-4.674825646996756,14.65074697052434
-4.203819419811553,13.927449301754848
-5.433471542670154,18.633652386506885
-5.08955745437759,14.676891436418844
-4.233935477003409,13.7161853238363
-3.3878476352959614,13.454247533334096
-2.667146613153258,10.310921539582733
-2.5661603672869915,10.58807683256504
-3.5287028341649025,12.18090584182559
-2.9690594947520106,11.53026587766433
-4.630906724175037,14.318756297392927
-2.592952080563974,10.775912640006949
-7.5811357527558725,14.651964369748658
10000.0,10000.0
-6.438282583313104,16.613590566483975
-3.271924405325212,13.928779802809022
-4.973334940141617,12.594612509555821
-5.084086090829123,14.383224256070315
-5.847166678844717,16.02966739192729
-2.5070896329632024,10.25043001446983
-4.322063954349935,13.374666312612698
-8.89493938440494,15.43783095916789
-3.4384645241674288,11.737883623041684
-3.1177241893835603,12.134450525746994
-1.5179724107120758,9.28884795289014
-2.857168076180124,10.285433596429877
-6.951495809477749,13.834231511717443
-4.420108652418201,13.944419555697847
-3.8372084520000436,12.661192247664111
-3.076288159368232,11.229211698938917
-4.047960781002647,12.44765914232619
-4.2967602601401085,13.915272984005199
-3.8807765018377305,12.554090431160153
-1.8814333190718837,10.007529703667377
-4.136170329599606,14.437464410776172
-5.572098086206726,14.001720603521836
-2.7340968350918398,10.329442895616534
-4.905725970910705,14.600631433471577
-2.5869201342489547,11.320750621204773
-4.016357232225764,12.618000284726786
-2.2193330334098946,9.265482275404425
-4.27493961274378,13.272339901859686
-5.260218880235511,14.027283302568154
-2.4194640890447983,11.406898534632735
-3.3368342076507904,13.224793714114648
-1.6913648210657137,9.445152600932296
-3.4861624718192417,13.60127173649973
-9.064997907409602,19.08395905511765
-3.8070219725677004,13.254194309062566
-2.99566950776604,13.159659763633382
-3.839795563280518,11.918961584751493
-3.7988744675907102,12.820449871401387
-3.8002139234325916,15.428854690456252
-6.394620371743966,15.587577503364535
-3.6592459741743872,13.849535673114225
-2.9969782596120775,12.138199789864009
-5.242667984217547,14.477888720532482
-2.86853625718156,9.941601251606853
-3.222795827357871,12.881957615772816
-5.857408680586793,16.539815460470045
-3.56297316111674,11.630919832463512
-3.4278963475541593,12.675357761321122
-3.1864072911028676,12.85264717868191
10000.0,10000.0
-0.45734881234636454,6.266741645655831
-7.018689723877377,18.487326324704686
-9.956306112073968,16.240580412834316
-5.735392057191707,14.201616589191106
-2.5308297590063042,11.741479545540889
1.3043800896676927,6.181456251066319
-4.335564327159671,13.97757016978984
-3.265808418153077,13.425469004492104
-3.4100606124384774,12.388205574747428
-3.0113736254163355,11.511340278154721
-8.049678309737333,15.398018737567881
10000.0,10000.0
-3.882660096296376,13.822876841851171
-3.6457883311971107,13.901288780849352
-0.4415288251942499,8.026766618257442
-1.94095323945268,9.231025207472893
-4.572262995127794,13.289196507225569
-4.376314709699798,14.368495917839434
-4.811631358790803,14.234820671609269
-2.4528201397132317,11.180547694745906
-6.473008032909045,17.45270640753031
-2.0739144912569643,10.024686419282425
-5.070399633031755,14.524059370238135
-7.587209564111092,13.842446541519173
-2.0759409238081585,9.957717327168975
-3.637435775943845,12.735870936632963
10000.0,10000.0
-6.8908606066196,23.00931629128178
-4.549122440364579,16.96874667210834
-4.484660701091248,13.652175152958051
-2.676704586592028,11.549929515743791
-1.5045775696440367,8.286684374791845
-0.9943345777533579,9.325204248309632
-3.2084159493882143,11.200220522265198
-3.6256291654241735,11.903105380938278
-6.95622741040689,16.673394157526037
-9.381966421553305,17.104164823970006
-4.597312859559007,13.087803758278623
-11.120023447045277,26.515553521532492
-9.101704012762369,15.76014270246458
-5.288574340338091,13.285976229309595
-3.9651209043703544,12.578770158269828
-3.491546230761995,13.18936796814817
-5.9935248421947085,14.491105431123229
-5.92228297280737,15.016852995235126
-4.002675588555217,14.61065144154251
-2.4997278770799025,10.985142888349007
-9.60555779879877,32.46382510074195
-7.7033065793409605,14.94223298839997
-5.071473842841475,16.683373436748088
-9.310840911847071,15.576940861498391
-5.090164501966989,13.085511075333295
2.5416230006640665,3.689738036069905
-9.23538406057424,15.664642882229739
-2.875847758038512,11.12904098711338
-4.710775010129767,13.0859823990026
-8.685613102780572,13.479129910008579
-2.1234928596359617,9.272650302923797
-5.426930349140268,13.590001650489613
-1.4180849922415293,9.622187062267738
-6.130924090900175,14.650197848494763
-3.505415190786574,12.490012151273556
-0.5013419325546795,7.091002815715671
-6.615922428778365,24.042361072173865
-1.6585866301571213,9.615313313016651
-1.4355154228358578,8.666321605994291
-4.733008225635093,13.774020411959013
-5.000416300256011,13.292021624895908
-2.1485717266092097,9.571235196335673
-5.2944606573438495,13.769752408451168
-3.060990852523156,11.770859912432757
-8.529524062063123,24.501352600477286
-10.419906572727943,29.79978350236062
-8.655731884980472,20.829512133855605
-2.783095447122808,12.305970979030246
-4.257942165698923,17.434509673372116
-5.7691812572029315,15.587308461211055
-4.936784517732187,14.409900481589869
-0.3861920263536777,7.984520757785829
-5.000566619132949,15.692932249124102
-4.889248177695392,14.49295581133441
-2.298767282832671,9.996135131804285
-4.247688628378992,17.292828869850116
-8.993363585093823,30.54851148554927
-4.245620989028069,14.039852062369617
-6.3568393014199165,14.811434556548889
-7.371379282523557,26.72042268746011
-2.5383681041026547,12.925514977442255
-9.752748545372286,23.62510324450762
-5.806646628364847,14.267602828874896
-4.241910528973871,15.166940245996763
-10.553457901240632,15.891153642923147
-2.046717341967762,9.769660487613125
-6.358905293411185,15.180802937986149
-1.5882635367485411,9.50567191448888
-10.56526508864486,20.545485630679725
-6.364416702291868,14.635948307488896
-8.711114670323342,17.143267058115562
-2.066160227129018,9.596711037103038
-2.2792686259393373,10.8740201540607
-2.9513565591183073,12.903064969620777
-2.209130855934129,10.458093206341278
-6.386490614949299,15.639869828853213
-3.1175933532773876,11.981533435125643
-1.6223737038212398,9.74106371092131
-6.067506769187568,15.156561112279821
-7.527314780935531,17.347114734638826
-1.3625766501932581,8.335790293947364
0.1097291362670227,6.960494133351448
-5.8437851464329675,16.00035206099831
-4.435132624482341,13.423756317562004
10000.0,10000.0
-5.1051508343793754,14.716782265477429
-4.056830684944148,14.441332472917933
-5.773170811342474,13.961295193748308
-4.542162413414024,12.920556525386969
-4.292511619119841,13.609688204323502
-5.630910629715186,16.769910377972227
-3.0167810250784806,11.66874751359338
-2.1487084580251143,10.947458717601007
-7.676779026810471,15.236267459907262
-4.01720155080275,13.605192735016686
-4.183851518545774,13.09409135980928
-4.1482219600779615,13.228191164804338
-1.4163772803273038,9.85451807600763
-4.656056901773892,13.639965239157709
-5.777063780638246,14.544015667994843
-2.4659826955649797,10.301830021869419
-3.720563696385791,11.38458256612272
-9.54422472508221,15.498094729502057
-3.627541834388676,14.21700930939464
-4.190465341024617,14.03438144709067
-4.2668580919592065,12.887746622045546
-7.110932688313653,29.306071745857317
-4.608796792137375,18.277392776208597
-3.674763110338033,14.286604200812535
-7.167767404492432,16.763032618338006
-2.608990240902538,11.619290915014817
-8.194954256868975,18.920887994716157
-12.264238093786403,15.460245103826436
-4.0103371828890095,12.71240782485612
-0.035610115408101294,6.699619709233012
-7.786077936618571,15.233379686591114
-5.064067081920309,15.936904317610646
-5.639961368622311,14.990714374564051
-5.6095619873462805,14.471017589623289
-4.525319475476337,13.649640948510148
-6.355503772259775,21.905611274094962
-23.07168539545305,17.25052939352274
-2.9976647608227,11.725594752318283
-7.501331504296135,16.423359441195352
-0.862029643653108,8.668689989187044
-6.107799340270358,15.604653651275282
-2.337185315862564,9.931064669784178
-3.9123613103163755,13.28590885731698
-13.549145766427552,15.016877873369003
-2.967062879913203,11.613758935210374
-4.5409586399677835,13.320581908180758
-2.5594893375633654,9.91823400800195
-5.460758730002751,13.344234953205998
-5.795827399568396,13.888115824688047
-6.516424510706313,14.16914922539078
-2.787463993553234,11.970215250700635
-7.553795021715757,15.135239944746033
-2.6693680688753894,10.770808350343641
-4.388468961701388,13.656847089673562
-2.7747711420263945,11.617063481362024
-6.388365923762102,13.897811693333365
-2.2760634599368306,9.802515333283578
-5.201358514699377,15.111229673612995
-3.5250040843773296,13.251574074575347
-4.760216747279988,13.816502467789405
-5.780769085869232,14.666604654235432
-4.831751884554368,13.121552575923168
-3.2350734852774834,12.043908851357084
-6.478850155871932,16.259222668177184
-3.8748625227337063,12.4112798097281
-5.609766099728678,16.353731733397694
-5.64431040737906,14.085778343993265
-3.7364600710111806,12.425475576208544
-3.4713319457977465,11.034864807861618
-2.737042193031135,10.653868378537569
-4.751372494916804,14.364728348917197
-2.0482878676178435,8.757180831273383
-6.008945339109148,14.375053614351712
-4.248749089951429,13.080114350218691
-5.035345281092743,13.505521164159463
-3.7436806431046485,12.597180464007963
-3.505970345347284,12.160976596836468
-5.795910932811672,17.186894643694448
-10.081373191045715,19.265589261219052
-3.6956111174629465,13.493767731330248
-3.587264831816373,13.236989664354926
10000.0,10000.0
-3.0064220951408105,11.534098186051075
-4.127960847262233,12.720255806333757
-0.707589987874521,7.696445255971902
-2.9915085502407592,10.281017115355063
-6.982655310620112,15.613039475878605
-4.359686341041854,13.57847431561189
-8.078132303962548,19.107755386059427
-4.021021122201016,12.174639273961443
-7.224420522611334,14.999679303811277
-3.1089052164444064,10.95266167544677
-5.040552349362712,13.418738016398006
-5.203386222129069,13.505697788802326
-4.689725418899852,15.038626430919665
-3.01793306135797,11.398489596628782
-3.72057341476635,13.247738126837032
-1.0161123177669293,9.563677798050126
-5.883394334808037,15.141906072692002
-4.4414327517854675,12.551317207184077
-2.9697108494196907,11.850228916786664
-3.1744057137106667,12.396705045711405
-1.6641244463704619,8.665504674015764
-5.021627076593112,16.50055409731999
-2.0765308247906313,10.436667436426056
-1.6448215334999086,8.49076454298661
-7.441813590025966,15.223750246261996
10000.0,10000.0
-2.0292555178575533,10.458428192613017
-2.565211432011348,10.56182420172408
-5.447133650399054,15.645500818780574
-7.022330070543942,16.053478527936793
-10.066966979237403,14.968196466535364
-1.4081312777036696,9.575837742034421
-2.5832270507398114,11.997988944972574
-1.9942513177981716,10.181503064649888
-6.570158256311332,14.325197515789661
-2.5706340641938863,9.807208066473398
-1.5369402905577785,8.187120944516199
-3.450403432390027,12.812506065602754
-4.025769464200071,14.20919723847801
-6.776235954257885,15.299459286748673
-3.1937519714438563,13.658163924353142
-4.227230422366047,12.300375023943669
-2.4019540274738063,10.301964929592897
-5.1139405525691455,13.711796305449768
-7.4533792265069465,13.826206155612464
10000.0,10000.0
10000.0,10000.0
-0.3736941701288902,8.079910116455485
-7.900848644847858,14.761708922392264
-5.964064899301658,15.65380544779873
1.276996357019009,6.66929851046126
-3.4322398611680716,12.923473863901762
-6.396132658457019,14.207512867074525
-5.210228638029129,14.164129970569626
-5.107041317033797,15.327996147541327
-6.351598400977624,14.273084657684773
-5.30201468716847,13.378453839302706
-9.62931634864926,33.94631283362936
-5.846600148374805,16.7132849665369
-4.3045159364403,13.544856498694113
-4.220322025159489,13.805037117543742
-2.1804574004121715,10.097020565337473
-3.429600780934793,12.756891376155368
-5.1623309750022,14.516096069098795
-6.055527978658452,14.7843536898563
-3.2576979155123187,12.94661362283651
-3.4959183881571803,12.15113202399616
-4.609657940060292,12.570989431833052
-4.054014233270457,12.8443714771791
-4.089367325859367,13.292097415485923
-6.622332930856198,14.752206909124364
10000.0,10000.0
-5.51391085876015,21.13621950525642
-3.7055298058786805,14.46956397443265
-5.973724962592211,15.951200272913342
-9.993292887613741,24.95752222129486
-6.65219821799071,17.557067554574132
-7.3009707026108135,28.863804505158093
-7.954375375823796,14.020245787070925
-2.365644524046232,10.698171155215228
-3.2500317046008957,12.108757952100431
-4.575215856097259,15.98366872530167
-7.356198880877708,18.61546774242289
-4.096114532734028,13.551120154178433
-5.63715691659112,14.733273491131303
-4.500062029074191,15.255539772598974
-3.3231243140156046,11.056775367573339
-3.4329887292287125,14.126426526521405
-6.297323993531422,20.023830738454887
-3.1564088655409526,12.507344324179323
-4.1457695192080095,14.344535636415902
-3.236889905893646,10.948392615796468
-9.253499899614773,15.854141050386293
-3.7041941747579825,19.02598647360082
-4.588607918324607,13.264714157484892
-0.5849547544739239,7.764443744748238
-3.6505426379315895,12.22558609228063
-4.726617748724061,12.929294988544052
-2.2208275179108155,10.38574289227629
-0.8837563374986773,8.788418855818314
-3.081775578163627,11.60265664949679
-5.19625945639902,14.070663313362978
-5.364696995545772,14.03209369240032
10000.0,10000.0
-4.923038208689924,13.40500054860287
-8.608054882934557,15.692274285918685
-10.997340683233315,38.256424795309115
-6.432556084305359,14.484823527811
-3.7717287454233155,12.006421884775444
-4.224660001088687,12.766102683448395
-5.102336118853618,17.328592180241294
-2.45741074404003,11.715401960006714
-5.597493618289961,14.505520254532144
-10.530688174604531,14.788202891511597
-9.250351781927298,18.551670680406726
-5.763281953100524,14.864184694684841
-2.260982701772961,11.097293117133985
-3.28046138216805,11.251117660579549
0.8164484680787629,6.859476873851724
-5.813750760884454,13.94461213875599
-1.9365085460641347,9.727686745036234
-6.771369532418193,17.189077719029413
-3.054238902745176,11.307949367802594
-3.3962484011181884,11.780285378921736
-3.1903015488590456,11.704098201819786
-3.1027163590148197,12.695708358288824
-5.660415900188926,13.549185183392167
-4.623390881933887,13.329190935781623
-4.391626944808314,12.794578235810057
-6.088587861751579,13.521536454881684
-4.1878769739159045,14.60752416472461
-3.2342312882524795,12.317533865335136
10000.0,10000.0
-7.33279893861712,14.237357906795149
-2.6651874842941483,9.931142951279895
-4.3480715894327275,13.588363790815722
-2.7404300494305738,12.439369655431163
-4.551864129944222,14.471715080002536
-1.1425861182337915,8.81776678147502
-3.759947127297686,11.937664617930873
-3.503543029078821,12.56860298757407
-3.3454584038243125,12.436007387333861
-6.3922050770242445,21.30128117575106
-2.864929023381373,12.098289857658308
-2.6370521698078497,13.184532356274548
-9.100707996895029,22.08850139879238
-1.7032044699972426,8.93365046650916
-2.33497747445627,10.839287322108921
-2.624353449158118,11.78455202347264
-5.396606129633693,15.441333122600488
-3.0330383250432877,12.522083914123519
-3.963800849507838,13.191496328586872
-0.1524967594642845,7.069826650255543
-5.651945476557819,14.35486805262987
-7.761651803118434,17.816282735848755
-4.943524473236585,14.25906066248522
-7.821227404204261,16.91803162368644
-6.65091962365512,14.143239732865876
-2.9341883503826147,14.156161310985368
-8.438673158344468,20.647642345930862
-3.952695363212503,11.93637072704107
-4.818298430243393,14.752547746397623
-12.796885694585276,42.81465960324559
-5.118123344419194,17.439319482645224
10000.0,10000.0
-3.0803475285265876,11.709369135462698
-2.699604747357902,12.275707596179961
-4.39431642856803,13.41238963820599
-2.7040281370281685,10.916077007227898
-0.7244547321411028,7.659728548113802
-5.9679836286953964,14.638437103400733
-8.917879693798984,19.886442671032814
-6.4229010405597675,13.103969192356933
-4.796023186379944,16.674468197919627
-2.8030405274141335,10.91632095140865
10000.0,10000.0
-4.021289119685583,12.881127859437917
-1.6889757025544925,8.456757831338471
-4.138649505850283,13.223147721383715
-4.680309985469998,14.21444702459417
-1.1119964535724187,8.274050999753715
10000.0,10000.0
-4.527437383845675,14.084652268217
2.235925746714283,4.687134818514488
-5.78746476322172,14.803560630074887
-16.561315058059566,55.928387056877256
-4.2011315979117,15.609656852880152
-6.159933411802731,15.570129476492498
-4.231058332691729,13.438665334927254
-4.611029266902236,14.0033812612421
-2.629994646643573,11.687773088737325
-5.058830797121657,14.979364525797878
-1.3768959426498293,9.569583490262007
-3.163815480008076,11.449185161067488
-6.8129895479085825,15.038694046199389
2.6852807155875693,3.775763881403025
-7.1513745013477195,26.196850846000864
-8.076879955357068,22.985009130692113
-4.896571705763061,14.459333329751335
-6.0592340941723775,14.882856783627227
-3.094088005182799,10.786664677968748
-5.038316167243805,15.105428585645075
-4.773899287498804,13.567600596145304
-2.274084928579334,10.774357657538927
-4.036859181165916,13.90025156549952
-3.7451971999995024,12.671002822292575
-3.444890252739811,13.664931694954667
-7.040088121745925,17.356127501044188
-5.351226704483258,15.170240206720838
-4.4967740508153335,14.142189877425176
-1.5905206053612617,10.025072280080563
-2.8002285055118286,10.36131292427138
-2.793446275964367,10.581138700879064
-1.282240878595586,8.830640738570166
-4.525016292498089,13.385074006297387
-2.1496587576311565,9.49703210901887
-8.155913471654955,16.45483524365637
-6.33001975966158,15.271046701792372
-3.2105521664552485,11.815610438211454
-2.3199339055600308,9.394828235296096
-5.0031711681273086,13.746272438978158
-2.0450951233113184,10.952344596224773
-4.755205175241855,13.429826836623876
-5.469805724923468,14.268954240659292
-3.3639675080503206,11.904693061581023
-0.4030441470976984,7.870320166271081
-3.2247764492134676,11.118168206342569
-3.8279687713052595,14.08214151204271
-3.235405109141741,12.666101030289736
-5.94993083684628,14.644737936443832
-2.7957407468536535,11.367153382473008
-2.365141052895383,12.000957850481123
-3.233662259052693,11.75815450839924
-2.5563045933864195,11.077842773297307
-4.462582088181065,18.17890684203975
-9.275321858144125,19.736004782021837
-2.791606105492559,11.061499734429514
-3.6504216944954844,12.969852588776103
-4.103190876837887,13.106993938176256
-5.6060340044440755,14.503293004791631
-2.5449453097439747,10.995937506448637
-5.26807414349743,20.73807348499453
-2.4337802949468705,11.506104413678285
-4.8021970366908695,14.926977931375626
-6.1492249947379145,18.046005892985384
-4.8821763155531075,13.860808248018149
-6.19869289325931,16.480677118749917
-3.480081377010017,14.413333104267625
-6.166661959392521,22.082693124204244
-2.740928783543646,11.188198209257004
-6.828130595179268,15.83600905585337
-1.852390748812158,9.956801110800056
-7.373163857065546,20.134400000279804
10000.0,10000.0
-11.268847612828802,15.637195986700156
-6.241620360256791,13.67188429433774
-5.541540466864111,15.810400771066165
-7.394823019636987,16.3831934691281
-2.7102131240547482,11.337649333071314
-2.0473096262996595,11.22204533851866
-5.024623097319605,14.587883073321953
-3.3330579746557674,11.708596053063864
-4.849154587632528,13.130110755436748
-3.828929437715299,15.515272019195864
-12.309018475991886,15.006005881176124
-2.9009964856221764,10.91216801265109
-6.153644307788174,13.616079837294313
-2.5349477946539904,10.086453437135498
-4.397289784563209,13.834864040229125
-3.0928984623472884,12.588921111412308
-2.412856476031141,11.533488379728444
-4.984051124987219,14.610640396636988
-4.595996688882222,12.570546932231029
-3.139656338447157,11.782304784774144
-1.335549320388074,8.956636672257556
-4.853427294274049,15.03217354990975
-2.0734987207233244,10.473392988407118
-2.582459970585097,9.641322764204839
-2.6247221808821557,11.46357932707088
-5.809192714633812,16.13604341714637
-6.08421428914138,14.294564067766743
-6.196318760840397,15.376190487179134
-6.720732274355483,15.290704431700606
-2.6449195082431376,11.973584457502504
-30.18029813630103,90.8466075592172
-2.9364581138659127,12.005236921107906
-0.6505814898947248,8.213960431341174
-5.9685495988984565,18.339762304781413
-4.589037655455449,14.83759007263201
-3.3558472112254174,11.766647369088378
-2.1754068399741646,11.085475993375427
-2.0021515995938115,10.23339859010991
-4.530179643321104,13.091640120452745
-7.81355277043909,32.808108948728204
-6.679430972185395,14.01444663578893
-5.659729989083355,14.839802714769881
-2.415074763056515,10.892062829267983
-8.453315407353323,16.976215679474674
-7.926587747619321,14.877406867503705
-2.50669581075614,15.518742994311019
-1.943420806264236,10.408349586422977
-4.126079997399989,13.538252440047195
-4.991057644279449,14.374217623010836
-3.9400526391289614,14.417194272390306
-0.01626818837610526,5.8274618511418765
-3.9903558614687262,14.291582825453707
-5.022787276973576,13.671176234232211
-4.54380976991123,15.22450345520786
-8.584699978219312,21.304572196292188
-6.3446682657494,14.961945804231789
-1.9130970641407636,10.266131382810006
-5.186269079651193,13.961038786908787
-3.803857752336029,14.912220703335487
-3.2145403647687707,11.374583383962454
-3.687751652166977,12.679529757985577
-6.376040340278671,17.38966250202837
-3.471779008384996,11.458102342250372
-3.833979921115436,12.331673496519718
-6.089684785046165,15.038647776248636
-6.074239274469407,16.94392580358927
-3.916103294216946,14.026335831667371
-0.052607372304833325,6.3859263494912
-5.2437970066005315,14.085849292698152
-3.567382145673359,11.917572997575288
-15.462149917046345,14.948656319058617
-4.840565806094924,12.611595847093138
-1.49112355438383,10.941760463466922
-11.512146709219474,36.72120626535648
-6.320087674680141,19.320530048479288
-2.721391236316901,12.977520114734808
-6.15163890371397,14.121705279414032
-6.949361370929132,15.693665165951852
-4.5457332182807,14.302217051473608
-3.6266981847642676,11.957789985759854
-3.8374838887197895,13.32111129487597
-4.341723114529839,12.900433793390999
-3.1156784339526227,12.948996395992808
-3.2944108667204555,11.629887985302332
-6.188632548287456,14.523294470194877
-8.186310512724537,19.04264459336212
-4.673015453265757,13.95956989977505
-2.584579199197162,11.444053645624198
-2.925026181521121,12.121192362185045
-3.199615929221109,13.663196758546023
-3.3211997875187023,11.258254657216956
-3.1179158133112996,12.320010054929696
-7.968550883699106,14.790973851009886
-3.9476190966966245,12.598569768406207
-4.195030846931537,13.906146028694648
-4.953149787519643,14.565273920025177
-2.8047898993539713,12.965924404181202
-3.6015667003426755,11.56726719346597
0.6217236543337148,5.868869440176299
-9.79525411490391,16.816653337908264
-0.7396956253150478,7.706518434646457
-4.042864527001651,13.138593584559608
-4.918185561125271,13.955156036534303
-3.6137199474800825,15.474446931918653
-7.657538547468355,15.898105520744021
-3.825981241571737,12.346050792061098
-5.212099336823711,15.4893075815515
-4.723070895090958,19.364708341437428
-5.725758440735403,13.751289680829167
-2.4300772697574473,14.163143966323013
-3.3159807535584673,11.939449319860072
-6.625986518978886,14.148622354637203
-8.967581079908578,16.159472093320254
-0.25447874466858533,7.363071653259695
-18.09455385789952,15.784303782330841
-0.7426166305061165,8.931968257782744
-2.736583497971698,11.514038561108158
-3.534334360635546,12.377224191483103
-5.128152593893941,16.468763770854643
-4.658041473135484,15.274653760816612
-26.705353193546436,35.15049518692657
-1.913388707200999,11.302722010939377
-5.032377026567261,13.399840401763813
-5.310134734045743,14.169079330067675
-3.8032113550889344,14.445191800074952
-26.048414845095724,49.121323832778714
-3.5466453525460953,12.893466771537136
-2.7113095399004132,12.36073473046281
-3.5829147725306787,13.630994993531095
-2.093823258042319,10.407577912065438
-3.0991441931154964,11.956194231874125
-12.26715012814078,17.531349037924713
-7.015236167163076,15.865778518805268
-4.699649478298306,14.452773125235716
-3.535943601333622,13.600056216160862
-4.076422105176519,12.469900055263968
-2.6260706633903794,11.187272035309835
-2.5650208048452177,11.223026926663326
-4.7042838928688955,14.337931900798948
-4.039886896815924,12.378047277722997
-3.4739959783313434,11.91302692866942
-4.19408273388026,13.900748522311915
-3.569224097288908,13.209867248633655
-3.2191654911560486,12.321793443348682
-3.280998719454558,13.07072010575827
-2.6069196616807484,11.129735947899102
-3.9435264652985427,12.744064990408363
-5.161977389970827,20.44534185054983
-4.102168082460671,13.853803963898121
-3.1247939674882526,11.292225091158938
-4.009539689984139,13.411474828606222
-6.330335396047065,14.853223737550827
0.13033107258980958,7.114153943765571
-1.5965758171014226,9.757588441887181
-4.448188456559904,14.82696633200131
-3.7528259618934383,11.893289302064206
-2.568429373601541,11.040380746600242
-2.032997255260231,11.187582176341277
-2.7224172321292492,12.372164216982885
-4.768424677180758,14.210769357190708
-4.717707453044656,13.467515688435505
-3.480108808496667,12.14635445179858
-5.840369146452864,14.858875579453589
-2.194409250900848,11.381416518847512
-5.692804156615163,13.716928392124448
-3.6522066668096915,13.33948146254552
-6.28667354618412,14.742492439998005
-3.89851021261709,13.54480834454468
-3.898925301807566,13.788776528887606
0.45262171471330787,5.787380574179581
-3.8245499564058876,12.142337084358273
-5.990184470705819,14.144001619623161
-2.7548332431024716,11.093602849303313
-2.399657666094256,11.487174502677277
-9.10187022628923,14.157938905008386
-0.8263050693100097,8.669533592391922
-11.874673693882883,16.427734119912696
-6.179670860068894,16.30461638331273
-3.2472896108223477,11.353672562749066
-2.873440557430565,12.097868676648222
-3.4910196030292546,12.495112964373348
-4.640877216595563,15.957847088954997
-1.5460107064323918,9.347521462551542
-4.477320523791501,12.598653227703283
-0.24765508110090534,7.265668894238549
-6.846180654878206,25.87680244949065
-4.664627507880546,17.881208957368273
-1.7433338936834224,9.454612589617733
-2.672996984253169,11.077817916255722
-6.761369765896071,14.213718744023007
-2.91116507040283,11.542767446633425
-5.396576484126796,16.354409785584814
-3.469785060539222,11.604309371872883
-3.8240313647890916,12.393257431676199
-5.7134950992505855,14.507315413327996
-2.305049539251461,9.783825186973608
-3.8981609738128467,12.203927307298871
10000.0,10000.0
10000.0,10000.0
-6.812117148842608,14.038326642962787
-4.551106403135182,13.13191044990195
-7.195818520538484,14.341571783100617
